{
	"menuponuka" : "Ponuka",
	"menuportfolio" : "Portfólio",
	"menukontakty" : "Kontakty",
	"mainmenu" : "Nechajte Vaše topánky ožiť farbami - jedinečný na mieru vytvorený dizajn na topánky podľa Vašich požiadaviek.",
	"iconheel" : "Svadobné lodičky",
	"iconheeltext" : "Lodičky na svadbu s menami ženícha a nevesty, dátumom svadby, či inými detailami podľa želania.",
	"iconbalerina" : "Svadobné baleríny",
	"iconbalerinatext" : "Balerínky na svadbu s menami ženícha a nevesty, dátumom svadby, či inými detailami podľa želania.",
	"iconshoes" : "Topánky na voľný čas",
	"iconshoestext" : "Dizajn na topánky podľa požiadaviek, množstvo farieb, vzorov.!",
	"iconbag" : "Kabelky",
	"iconbagtext" : "Dizajn ladiaci k topánkam podľa požiadaviek.",
	"portfoliopictures" : "Portfólio",
	"portfoliopicturesText": "Inšpirujte sa namaľovanými topánkami, ktoré som doteraz realizovala.",
	"picture1" : "Svadobné lodičky podľa oznamka",
	"picture2_5" : "Biele čipkované lodičky",
	"picture6_9" : "Luxury lodičky k popolnočným šatám",
	"picture10_12" : "Svadobné balerínky",
	"picture13" : "Elegantné gumáky",
	"picture14_16" : "Svadobné lodičky",
	"picture17_19" : "Lodičky s henna dizajnom",
	"picture20_22" : "Svadobné balerínky s hudobnou tematikou",
	"picture23_24" : "Lodičky s pávom",
	"showMore" : "Zobraziť viac.",
	"barcontact" : "Kontakt",
	"iconFB" : "Buďte s Katie shoes stále v kontatke aj prostredníctvom Facebook stránky .",
	"iconpinterest" : "Moja tvorba je pre Vás k nahliadnutiu aj na piterest.com/kate_kosik.",
	"iconmail" : "V prípade akýchkoľvek otázok ma neváhajte kontaktovať prostredníctvom emailu kate_kosik@hotmail.com.",
	"iconbasket" : "Pokiaľ Vás moja tvorba zaujala, navštívte sashie.sk/Katienka.",
	"iconphone" : "Kontaktovať ma môžete v pracovných dňoch aj prostredníctvom telefónu (+421 902 141 632).",
	"aboutkatieshoes" : "O Katie shoes",
	"aboutkatieshoestext" : "Namieru maľované dizajny na Vaše topánky a módne doplnky. Na svadby, či iné slávnostné príležitosti, alebo len tak.",
	"paintingon" : "Kreslím na",
	"paintingontext1" : "lodičky, baleríny, čižmy",
	"paintingontext2" : "kabelky",
	"paintingontext3" : "z ekokože, kože, koženky",
	"portfoliodownbar" : "Portfólio",
	"contacts" : "Kontakty"
}