{
	"menuponuka" : "About",
	"menuportfolio" : "Portfolio",
	"menukontakty" : "Contact",
	"mainmenu" : "Let your shoes come alive in colors - unique custom hand-painted design for your shoes.",
	"iconheel" : "Wedding heels",
	"iconheeltext" : "Heels on your wedding day, with name of bride and groom, date or any other details.",
	"iconbalerina" : "Wedding flat shoes",
	"iconbalerinatext" : "Flat shoes for your wedding day with name of bride and groom, date or any other details.",
	"iconshoes" : "Shoes for leisure time",
	"iconshoestext" : "Custom design, lot of colours and patterns.",
	"iconbag" : "Bags",
	"iconbagtext" : "Design matching your custom shoes.",
	"portfoliopictures" : "Portfolio",
	"portfoliopicturesText": "Let my painted shoes inspire you.",
	"picture1" : "Wedding shoes made according to wedding announcement",
	"picture2_5" : "White lace heels",
	"picture6_9" : "Luxury heels for evening dress",
	"picture10_12" : "Wedding flat shoes",
	"picture13" : "Elegant wellington",
	"picture14_16" : "Wedding heels",
	"picture17_19" : "Heels with henna design",
	"picture20_22" : "Wedding flats with music theme",
	"picture23_24" : "Heels with peacock",
	"showMore" : "Show more",
	"barcontact" : "Contact",
	"iconFB" : "Be in touch with Katie shoes on Facebook page.",
	"iconpinterest" : "You can see our portfolio also on piterest.com/kate_kosik.",
	"iconmail" : "If you have any question, don't hesitate to contact me through emailu kate_kosik@hotmail.com.",
	"iconbasket" : "If you want order something go to sashie.sk/Katienka.",
	"iconphone" : "Or you can just call me (+421 902 141 632).",
	"aboutkatieshoes" : "About Katie shoes",
	"aboutkatieshoestext" : "Custom hand-painted design for your shoes and accessories - for wedding or other special occasions.",
	"paintingon" : "Painting on",
	"paintingontext1" : "heels, flat shoes, wellingtons",
	"paintingontext2" : "bags",
	"paintingontext3" : "material of shoes: leather, eco-leather, synthetics",
	"portfoliodownbar" : "Portfolio",
	"contacts" : "Contacts"
}